feature_id,distance,odometer,joint_number,relative_position,angle,feature_type,depth_percent,length,width,wall_thickness,weld_type,elevation,j_len
C-70,125.12,125.12,70.0,21.69,272.0,Cluster,0.16,3.55,2.64,0.344,,,25.02
C-70,127.58,127.58,70.0,24.15,175.0,Cluster,0.18,2.0,3.44,0.344,,,25.02
C-250,605.58,605.58,250.0,39.17,294.0,Cluster,0.1,0.86,2.41,0.344,,,40.04
C-260,636.8,636.8,260.0,30.35,139.0,Cluster,0.15,1.85,8.94,0.344,,,31.32
C-290,668.73,668.73,290.0,13.32,47.0,Cluster,0.21,4.67,10.14,0.344,,,15.08
ML-290,668.81,668.81,290.0,13.41,289.0,metal loss,0.4,1.02,0.94,0.344,,,15.08
ML-310,679.22,679.22,310.0,0.86,248.0,metal loss,0.25,2.36,1.3,0.344,,,8.75
ML-310,679.28,679.28,310.0,0.92,265.0,metal loss,0.15,1.61,5.95,0.344,,,8.75
C-420,957.34,957.34,420.0,1.56,128.5,Cluster,0.28,3.46,3.33,0.344,,,29.6
ML-420,957.56,957.56,420.0,1.77,112.0,metal loss,0.17,1.14,1.14,0.344,,,29.6
ML-450,1071.67,1071.67,450.0,32.37,369.5,metal loss-manufacturing anomaly,0.18,0.67,0.83,0.344,,,39.96
C-480,1198.08,1198.08,480.0,38.85,125.0,Cluster,0.13,4.9,1.11,0.344,,,40.04
C-490,1204.54,1204.54,490.0,5.26,118.0,Cluster,0.13,8.21,5.13,0.344,,,39.97
C-490,1226.73,1226.73,490.0,27.45,235.5,Cluster,0.1,2.05,0.73,0.344,,,39.97
C-490,1231.34,1231.34,490.0,32.07,112.0,Cluster,0.1,4.49,4.88,0.344,,,39.97
C-490,1238.12,1238.12,490.0,38.85,235.5,Cluster,0.1,0.97,1.78,0.344,,,39.97
C-500,1239.41,1239.41,500.0,0.16,112.5,Cluster,0.11,0.94,3.88,0.344,,,39.98
C-500,1242.62,1242.62,500.0,3.37,105.5,Cluster,0.11,8.17,5.95,0.344,,,39.98
C-500,1252.92,1252.92,500.0,13.67,230.5,Cluster,0.1,5.48,5.26,0.344,,,39.98
C-500,1256.78,1256.78,500.0,17.53,107.5,Cluster,0.1,1.02,2.2,0.344,,,39.98
C-500,1262.7,1262.7,500.0,23.45,232.5,Cluster,0.11,25.08,6.14,0.344,,,39.98
ML-500,1264.27,1264.27,500.0,25.02,98.5,metal loss,0.1,0.47,0.59,0.344,,,39.98
C-500,1265.9,1265.9,500.0,26.64,100.0,Cluster,0.11,7.7,3.98,0.344,,,39.98
C-500,1275.79,1275.79,500.0,36.54,248.0,Cluster,0.1,5.03,3.86,0.344,,,39.98
C-500,1276.9,1276.9,500.0,37.65,239.5,Cluster,0.11,9.19,5.01,0.344,,,39.98
C-500,1278.81,1278.81,500.0,39.55,233.0,Cluster,0.1,5.35,9.59,0.344,,,39.98
C-510,1284.35,1284.35,510.0,5.12,79.0,Cluster,0.11,2.45,7.96,0.344,,,40.03
C-510,1296.52,1296.52,510.0,17.29,260.5,Cluster,0.1,1.68,5.01,0.344,,,40.03
C-510,1296.97,1296.97,510.0,17.74,82.5,Cluster,0.1,2.5,3.56,0.344,,,40.03
C-510,1299.79,1299.79,510.0,20.56,256.5,Cluster,0.1,5.15,4.65,0.344,,,40.03
ML-510,1302.67,1302.67,510.0,23.44,58.5,metal loss,0.12,0.55,0.55,0.344,,,40.03
C-520,1322.91,1322.91,520.0,3.65,286.5,Cluster,0.1,1.82,2.26,0.344,,,40.02
C-520,1330.47,1330.47,520.0,11.21,260.0,Cluster,0.1,9.49,7.52,0.344,,,40.02
C-520,1341.04,1341.04,520.0,21.77,384.5,Cluster,0.1,27.71,19.52,0.344,,,40.02
ML-520,1342.19,1342.19,520.0,22.93,372.0,metal loss,0.1,0.59,0.71,0.344,,,40.02
ML-520,1348.67,1348.67,520.0,29.41,373.0,metal loss,0.1,0.55,0.71,0.344,,,40.02
C-520,1349.99,1349.99,520.0,30.73,50.0,Cluster,0.11,1.61,3.9,0.344,,,40.02
C-520,1359.24,1359.24,520.0,39.98,264.0,Cluster,0.13,7.85,12.23,0.344,,,40.02
C-530,1363.47,1363.47,530.0,4.19,389.5,Cluster,0.1,3.68,17.3,0.344,,,40.0
C-530,1366.12,1366.12,530.0,6.84,52.5,Cluster,0.12,13.34,14.31,0.344,,,40.0
C-530,1366.68,1366.68,530.0,7.39,282.5,Cluster,0.12,2.83,3.31,0.344,,,40.0
C-530,1367.08,1367.08,530.0,7.79,247.5,Cluster,0.11,44.24,12.19,0.344,,,40.0
C-530,1368.18,1368.18,530.0,8.89,65.0,Cluster,0.11,26.45,12.59,0.344,,,40.0
C-530,1371.07,1371.07,530.0,11.78,244.5,Cluster,0.1,14.12,13.51,0.344,,,40.0
C-530,1371.53,1371.53,530.0,12.24,62.5,Cluster,0.13,12.13,11.86,0.344,,,40.0
C-530,1372.43,1372.43,530.0,13.15,69.0,Cluster,0.1,15.32,11.54,0.344,,,40.0
C-530,1374.44,1374.44,530.0,15.15,248.0,Cluster,0.1,7.01,11.81,0.344,,,40.0
C-530,1376.07,1376.07,530.0,16.78,293.0,Cluster,0.11,1.7,1.82,0.344,,,40.0
C-530,1379.91,1379.91,530.0,20.62,253.5,Cluster,0.1,6.49,11.08,0.344,,,40.0
C-530,1380.08,1380.08,530.0,20.79,62.0,Cluster,0.11,13.16,12.61,0.344,,,40.0
C-530,1380.97,1380.97,530.0,21.68,251.0,Cluster,0.1,5.74,2.72,0.344,,,40.0
C-530,1381.24,1381.24,530.0,21.96,92.0,Cluster,0.1,2.18,3.77,0.344,,,40.0
C-530,1382.61,1382.61,530.0,23.32,62.0,Cluster,0.11,9.08,11.83,0.344,,,40.0
C-530,1383.64,1383.64,530.0,24.35,250.5,Cluster,0.1,4.88,11.98,0.344,,,40.0
C-530,1389.89,1389.89,530.0,30.6,58.0,Cluster,0.13,9.49,12.15,0.344,,,40.0
C-530,1394.54,1394.54,530.0,35.26,58.0,Cluster,0.1,7.66,14.01,0.344,,,40.0
C-530,1394.71,1394.71,530.0,35.43,254.5,Cluster,0.11,13.49,11.29,0.344,,,40.0
C-530,1395.92,1395.92,530.0,36.63,258.0,Cluster,0.11,4.52,9.59,0.344,,,40.0
C-530,1398.09,1398.09,530.0,38.81,204.0,Cluster,0.11,5.52,20.09,0.344,,,40.0
C-530,1398.71,1398.71,530.0,39.42,251.0,Cluster,0.1,8.11,17.45,0.344,,,40.0
C-530,1398.71,1398.71,530.0,39.43,66.5,Cluster,0.12,6.7,10.33,0.344,,,40.0
C-530,1398.73,1398.73,530.0,39.45,176.5,Cluster,0.13,7.19,5.91,0.344,,,40.0
C-540,1399.35,1399.35,540.0,0.06,56.5,Cluster,0.11,5.58,13.26,0.344,,,39.94
C-540,1399.82,1399.82,540.0,0.53,54.0,Cluster,0.1,12.95,14.68,0.344,,,39.94
C-540,1404.28,1404.28,540.0,4.99,81.5,Cluster,0.1,1.58,6.47,0.344,,,39.94
C-540,1404.92,1404.92,540.0,5.63,255.0,Cluster,0.11,3.47,2.81,0.344,,,39.94
C-540,1404.97,1404.97,540.0,5.68,259.0,Cluster,0.1,6.19,10.12,0.344,,,39.94
C-540,1406.04,1406.04,540.0,6.75,277.5,Cluster,0.1,5.17,8.04,0.344,,,39.94
C-540,1406.96,1406.96,540.0,7.67,251.5,Cluster,0.1,17.59,13.24,0.344,,,39.94
C-540,1408.53,1408.53,540.0,9.24,259.5,Cluster,0.1,9.12,11.21,0.344,,,39.94
C-540,1409.15,1409.15,540.0,9.86,65.0,Cluster,0.1,6.43,5.91,0.344,,,39.94
C-540,1412.54,1412.54,540.0,13.25,265.5,Cluster,0.11,18.37,11.52,0.344,,,39.94
C-540,1415.09,1415.09,540.0,15.8,65.0,Cluster,0.1,4.85,6.79,0.344,,,39.94
ML-540,1419.21,1419.21,540.0,19.92,371.0,metal loss,0.1,0.67,0.71,0.344,,,39.94
C-540,1419.48,1419.48,540.0,20.2,254.5,Cluster,0.12,33.85,14.64,0.344,,,39.94
C-540,1423.37,1423.37,540.0,24.08,56.5,Cluster,0.1,6.65,6.49,0.344,,,39.94
C-540,1424.4,1424.4,540.0,25.11,261.0,Cluster,0.11,37.4,13.43,0.344,,,39.94
C-540,1425.43,1425.43,540.0,26.15,68.5,Cluster,0.14,12.29,7.46,0.344,,,39.94
C-540,1428.94,1428.94,540.0,29.65,57.0,Cluster,0.1,6.01,8.48,0.344,,,39.94
C-540,1429.49,1429.49,540.0,30.2,54.5,Cluster,0.12,7.54,8.63,0.344,,,39.94
C-540,1430.91,1430.91,540.0,31.62,64.5,Cluster,0.1,3.85,6.58,0.344,,,39.94
C-540,1432.34,1432.34,540.0,33.05,52.0,Cluster,0.1,12.38,12.38,0.344,,,39.94
ML-540,1433.32,1433.32,540.0,34.03,350.5,metal loss-manufacturing anomaly,0.12,0.63,0.71,0.344,,,39.94
C-540,1435.54,1435.54,540.0,36.25,58.0,Cluster,0.1,5.23,9.59,0.344,,,39.94
C-540,1438.5,1438.5,540.0,39.21,55.5,Cluster,0.1,6.94,7.96,0.344,,,39.94
C-540,1438.75,1438.75,540.0,39.46,241.5,Cluster,0.17,6.48,15.12,0.344,,,39.94
C-550,1439.24,1439.24,550.0,0.01,275.5,Cluster,0.12,5.89,7.73,0.344,,,35.05
C-550,1439.25,1439.25,550.0,0.02,66.0,Cluster,0.1,4.03,5.74,0.344,,,35.05
C-550,1448.43,1448.43,550.0,9.19,229.0,Cluster,0.1,1.15,3.46,0.344,,,35.05
C-550,1454.64,1454.64,550.0,15.41,276.0,Cluster,0.11,3.89,10.58,0.344,,,35.05
C-550,1458.54,1458.54,550.0,19.3,298.5,Cluster,0.1,0.62,1.8,0.344,,,35.05
C-550,1461.84,1461.84,550.0,22.61,283.5,Cluster,0.11,8.21,8.67,0.344,,,35.05
C-550,1462.59,1462.59,550.0,23.36,264.5,Cluster,0.1,11.21,11.42,0.344,,,35.05
C-550,1463.37,1463.37,550.0,24.14,32.0,Cluster,0.1,19.98,11.21,0.344,,,35.05
C-550,1464.89,1464.89,550.0,25.66,32.0,Cluster,0.1,13.72,11.71,0.344,,,35.05
C-550,1466.02,1466.02,550.0,26.78,271.5,Cluster,0.1,21.9,12.67,0.344,,,35.05
C-550,1466.43,1466.43,550.0,27.2,34.5,Cluster,0.1,10.44,10.05,0.344,,,35.05
C-550,1473.88,1473.88,550.0,34.64,43.0,Cluster,0.1,5.68,10.33,0.344,,,35.05
C-560,1477.89,1477.89,560.0,3.61,271.5,Cluster,0.11,34.78,13.8,0.344,,,39.99
ML-560,1481.13,1481.13,560.0,6.85,101.5,metal loss,0.1,0.59,0.55,0.344,,,39.99
C-560,1481.25,1481.25,560.0,6.97,32.0,Cluster,0.1,5.84,12.13,0.344,,,39.99
ML-560,1488.59,1488.59,560.0,14.31,279.5,metal loss,0.1,0.51,0.63,0.344,,,39.99
C-560,1494.04,1494.04,560.0,19.76,266.0,Cluster,0.11,20.58,12.23,0.344,,,39.99
C-560,1507.88,1507.88,560.0,33.6,37.0,Cluster,0.1,7.0,7.88,0.344,,,39.99
C-560,1510.97,1510.97,560.0,36.69,53.0,Cluster,0.11,4.04,6.24,0.344,,,39.99
C-560,1512.3,1512.3,560.0,38.02,291.5,Cluster,0.1,4.52,6.97,0.344,,,39.99
C-570,1517.65,1517.65,570.0,3.38,46.5,Cluster,0.1,12.73,8.61,0.344,,,40.03
C-570,1518.41,1518.41,570.0,4.14,31.0,Cluster,0.1,10.87,6.7,0.344,,,40.03
C-570,1542.43,1542.43,570.0,28.16,53.5,Cluster,0.1,6.01,5.8,0.344,,,40.03
C-570,1553.88,1553.88,570.0,39.61,305.5,Cluster,0.1,4.56,8.27,0.344,,,40.03
ML-580,1560.05,1560.05,580.0,5.75,298.0,metal loss,0.11,0.75,0.55,0.344,,,39.99
C-580,1563.79,1563.79,580.0,9.49,313.0,Cluster,0.1,10.93,6.66,0.344,,,39.99
C-580,1571.84,1571.84,580.0,17.53,320.0,Cluster,0.11,4.52,3.33,0.344,,,39.99
C-580,1575.87,1575.87,580.0,21.56,317.5,Cluster,0.15,7.39,6.91,0.344,,,39.99
C-580,1582.01,1582.01,580.0,27.71,318.5,Cluster,0.1,3.26,4.34,0.344,,,39.99
C-580,1584.15,1584.15,580.0,29.84,317.5,Cluster,0.14,3.89,3.14,0.344,,,39.99
C-580,1584.61,1584.61,580.0,30.3,318.5,Cluster,0.11,13.44,6.97,0.344,,,39.99
C-580,1587.53,1587.53,580.0,33.22,307.0,Cluster,0.1,4.07,6.97,0.344,,,39.99
C-580,1593.8,1593.8,580.0,39.49,273.0,Cluster,0.1,5.5,16.65,0.344,,,39.99
C-590,1595.0,1595.0,590.0,0.7,250.5,Cluster,0.14,5.1,20.55,0.344,,,40.11
ML-590,1595.1,1595.1,590.0,0.81,208.5,metal loss,0.2,1.18,6.34,0.344,,,40.11
ML-590,1609.99,1609.99,590.0,15.69,372.0,metal loss,0.1,0.67,0.59,0.344,,,40.11
C-590,1628.77,1628.77,590.0,34.48,314.5,Cluster,0.11,0.8,2.12,0.344,,,40.11
C-590,1634.38,1634.38,590.0,40.09,297.0,Cluster,0.1,5.09,11.1,0.344,,,40.11
C-600,1634.41,1634.41,600.0,0.01,368.0,Cluster,0.1,6.9,26.12,0.344,,,40.11
C-600,1635.31,1635.31,600.0,0.91,369.5,Cluster,0.11,4.88,22.14,0.344,,,40.11
C-600,1673.93,1673.93,600.0,39.52,283.5,Cluster,0.11,6.3,11.71,0.344,,,40.11
C-600,1674.51,1674.51,600.0,40.11,293.5,Cluster,0.1,5.08,12.73,0.344,,,40.11
C-610,1696.83,1696.83,610.0,22.33,370.0,Cluster,0.11,0.92,2.85,0.344,,,40.0
C-610,1714.09,1714.09,610.0,39.58,296.0,Cluster,0.11,5.06,11.94,0.344,,,40.0
C-630,1790.51,1790.51,630.0,36.06,333.5,Cluster,0.1,2.77,2.26,0.344,,,39.97
ML-720,2104.45,2104.45,720.0,4.02,359.5,metal loss,0.13,0.51,0.59,0.344,,,40.03
C-720,2112.13,2112.13,720.0,11.71,357.0,Cluster,0.1,2.84,2.81,0.344,,,40.03
ML-720,2113.52,2113.52,720.0,13.09,201.0,metal loss,0.14,0.79,0.71,0.344,,,40.03
ML-720,2114.25,2114.25,720.0,13.82,333.0,metal loss,0.1,1.34,0.79,0.344,,,40.03
C-720,2118.73,2118.73,720.0,18.3,184.5,Cluster,0.13,2.03,3.02,0.344,,,40.03
ML-720,2120.53,2120.53,720.0,20.1,384.5,metal loss,0.1,0.35,0.71,0.344,,,40.03
C-720,2121.87,2121.87,720.0,21.44,382.0,Cluster,0.11,2.93,4.88,0.344,,,40.03
ML-720,2123.05,2123.05,720.0,22.62,148.0,metal loss,0.12,0.75,0.83,0.344,,,40.03
ML-720,2124.09,2124.09,720.0,23.67,160.5,metal loss,0.1,0.71,0.71,0.344,,,40.03
ML-720,2126.34,2126.34,720.0,25.92,181.5,metal loss,0.11,0.79,1.14,0.344,,,40.03
C-720,2126.98,2126.98,720.0,26.56,183.0,Cluster,0.22,1.81,2.98,0.344,,,40.03
C-720,2127.06,2127.06,720.0,26.63,209.0,Cluster,0.11,2.38,2.05,0.344,,,40.03
ML-720,2136.49,2136.49,720.0,36.07,360.0,metal loss,0.15,0.75,0.71,0.344,,,40.03
C-720,2137.77,2137.77,720.0,37.34,338.5,Cluster,0.12,4.24,4.38,0.344,,,40.03
ML-720,2139.38,2139.38,720.0,38.96,358.5,metal loss,0.11,0.43,0.71,0.344,,,40.03
ML-720,2140.31,2140.31,720.0,39.88,143.5,metal loss,0.12,0.67,0.71,0.344,,,40.03
C-730,2146.34,2146.34,730.0,5.88,359.5,Cluster,0.1,1.81,1.4,0.344,,,40.04
ML-730,2148.19,2148.19,730.0,7.73,168.0,metal loss,0.19,0.79,0.55,0.344,,,40.04
ML-730,2150.44,2150.44,730.0,9.98,218.0,metal loss,0.1,0.71,0.71,0.344,,,40.04
ML-730,2153.51,2153.51,730.0,13.06,199.5,metal loss,0.15,0.91,0.91,0.344,,,40.04
ML-730,2157.49,2157.49,730.0,17.03,209.0,metal loss,0.25,0.71,0.63,0.344,,,40.04
ML-730,2159.58,2159.58,730.0,19.12,352.0,metal loss,0.1,1.26,1.06,0.344,,,40.04
ML-730,2161.08,2161.08,730.0,20.62,200.0,metal loss,0.17,0.63,0.55,0.344,,,40.04
ML-730,2174.62,2174.62,730.0,34.16,195.5,metal loss,0.12,0.87,0.91,0.344,,,40.04
ML-730,2176.77,2176.77,730.0,36.31,362.0,metal loss,0.14,0.59,0.79,0.344,,,40.04
ML-730,2179.28,2179.28,730.0,38.82,137.0,metal loss,0.1,0.59,0.71,0.344,,,40.04
C-730,2179.45,2179.45,730.0,38.99,152.0,Cluster,0.11,2.76,4.38,0.344,,,40.04
ML-740,2181.73,2181.73,740.0,1.23,158.5,metal loss,0.12,1.61,0.83,0.344,,,40.07
ML-740,2184.26,2184.26,740.0,3.76,365.5,metal loss,0.1,0.51,0.71,0.344,,,40.07
ML-740,2192.61,2192.61,740.0,12.11,219.0,metal loss,0.12,0.59,0.71,0.344,,,40.07
ML-740,2194.13,2194.13,740.0,13.63,359.0,metal loss,0.11,0.71,0.59,0.344,,,40.07
ML-740,2218.72,2218.72,740.0,38.22,156.5,metal loss,0.12,0.98,0.71,0.344,,,40.07
C-740,2220.24,2220.24,740.0,39.74,161.5,Cluster,0.16,3.12,2.77,0.344,,,40.07
ML-740,2220.24,2220.24,740.0,39.74,189.5,metal loss,0.11,0.91,0.59,0.344,,,40.07
ML-750,2222.85,2222.85,750.0,2.29,217.5,metal loss,0.15,0.55,0.71,0.344,,,39.82
ML-750,2226.67,2226.67,750.0,6.11,215.0,metal loss,0.1,0.59,0.71,0.344,,,39.82
ML-750,2226.72,2226.72,750.0,6.15,192.0,metal loss,0.1,0.91,0.63,0.344,,,39.82
ML-750,2227.98,2227.98,750.0,7.41,220.0,metal loss,0.12,0.63,0.71,0.344,,,39.82
ML-750,2228.8,2228.8,750.0,8.24,193.5,metal loss,0.1,0.71,0.71,0.344,,,39.82
ML-750,2233.04,2233.04,750.0,12.48,192.0,metal loss,0.13,0.79,0.94,0.344,,,39.82
C-750,2233.17,2233.17,750.0,12.61,148.5,Cluster,0.11,1.76,1.11,0.344,,,39.82
C-750,2234.36,2234.36,750.0,13.8,226.5,Cluster,0.11,2.12,0.73,0.344,,,39.82
ML-750,2234.69,2234.69,750.0,14.13,157.0,metal loss,0.12,0.63,0.71,0.344,,,39.82
ML-750,2235.25,2235.25,750.0,14.68,191.5,metal loss,0.1,1.1,0.83,0.344,,,39.82
C-750,2238.9,2238.9,750.0,18.33,159.5,Cluster,0.15,2.34,1.11,0.344,,,39.82
ML-750,2241.2,2241.2,750.0,20.64,149.5,metal loss,0.15,0.67,0.71,0.344,,,39.82
ML-750,2241.84,2241.84,750.0,21.28,163.0,metal loss,0.12,0.59,0.71,0.344,,,39.82
ML-750,2243.92,2243.92,750.0,23.35,190.5,metal loss,0.17,0.71,0.71,0.344,,,39.82
ML-750,2244.89,2244.89,750.0,24.32,185.5,metal loss,0.11,0.75,0.63,0.344,,,39.82
ML-750,2247.01,2247.01,750.0,26.45,165.5,metal loss,0.17,0.87,0.71,0.344,,,39.82
ML-750,2248.76,2248.76,750.0,28.19,193.0,metal loss,0.16,0.63,0.59,0.344,,,39.82
ML-750,2249.29,2249.29,750.0,28.72,180.5,metal loss,0.1,0.71,0.71,0.344,,,39.82
ML-750,2249.5,2249.5,750.0,28.93,194.0,metal loss,0.11,0.71,0.71,0.344,,,39.82
ML-750,2253.91,2253.91,750.0,33.35,161.5,metal loss,0.13,0.47,0.71,0.344,,,39.82
C-750,2255.76,2255.76,750.0,35.19,162.5,Cluster,0.18,1.94,0.69,0.344,,,39.82
ML-750,2257.41,2257.41,750.0,36.84,192.5,metal loss,0.13,0.79,0.67,0.344,,,39.82
C-750,2258.13,2258.13,750.0,37.56,147.5,Cluster,0.11,4.56,3.83,0.344,,,39.82
C-750,2260.11,2260.11,750.0,39.55,166.0,Cluster,0.15,3.11,3.31,0.344,,,39.82
C-760,2260.47,2260.47,760.0,0.08,167.5,Cluster,0.13,1.57,4.48,0.344,,,40.06
ML-760,2262.01,2262.01,760.0,1.62,213.5,metal loss,0.1,0.67,0.71,0.344,,,40.06
C-760,2263.98,2263.98,760.0,3.59,178.5,Cluster,0.13,1.66,0.69,0.344,,,40.06
ML-760,2266.01,2266.01,760.0,5.62,353.5,metal loss,0.1,0.47,0.71,0.344,,,40.06
ML-760,2267.26,2267.26,760.0,6.88,181.5,metal loss,0.1,0.79,0.59,0.344,,,40.06
ML-760,2268.51,2268.51,760.0,8.13,162.5,metal loss,0.12,0.55,0.71,0.344,,,40.06
C-760,2270.99,2270.99,760.0,10.6,193.5,Cluster,0.1,1.86,1.43,0.344,,,40.06
C-760,2290.43,2290.43,760.0,30.04,165.0,Cluster,0.1,3.88,0.71,0.344,,,40.06
C-760,2290.98,2290.98,760.0,30.6,171.0,Cluster,0.12,1.62,3.27,0.344,,,40.06
C-760,2300.05,2300.05,760.0,39.67,176.0,Cluster,0.15,4.56,4.34,0.344,,,40.06
C-760,2300.12,2300.12,760.0,39.74,114.5,Cluster,0.16,4.03,8.09,0.344,,,40.06
ML-770,2302.29,2302.29,770.0,1.84,173.5,metal loss,0.13,0.67,0.71,0.344,,,10.39
ML-770,2310.0,2310.0,770.0,9.55,184.5,metal loss,0.1,1.02,0.87,0.344,,,10.39
ML-770,2310.53,2310.53,770.0,10.08,181.5,metal loss,0.14,0.98,0.87,0.344,,,10.39
C-800,2368.29,2368.29,800.0,2.37,170.0,Cluster,0.13,5.62,5.97,0.344,,,23.8
ML-960,2982.66,2982.66,960.0,32.93,330.5,metal loss,0.1,0.51,0.71,0.344,,,39.94
C-970,2991.42,2991.42,970.0,1.76,288.5,Cluster,0.12,0.77,1.72,0.344,,,39.79
ML-970,2991.61,2991.61,970.0,1.94,291.0,metal loss,0.13,0.55,0.55,0.344,,,39.79
C-970,2993.61,2993.61,970.0,3.94,285.0,Cluster,0.1,1.58,1.36,0.344,,,39.79
C-970,2993.91,2993.91,970.0,4.24,68.0,Cluster,0.12,1.63,0.67,0.344,,,39.79
C-970,2994.5,2994.5,970.0,4.83,278.5,Cluster,0.1,4.84,2.81,0.344,,,39.79
ML-970,3002.07,3002.07,970.0,12.41,255.0,metal loss,0.1,0.51,0.55,0.344,,,39.79
ML-970,3002.24,3002.24,970.0,12.57,254.5,metal loss,0.11,0.67,0.71,0.344,,,39.79
ML-970,3018.05,3018.05,970.0,28.38,94.5,metal loss,0.1,0.63,0.63,0.344,,,39.79
C-970,3019.88,3019.88,970.0,30.21,255.5,Cluster,0.1,1.76,1.24,0.344,,,39.79
C-980,3051.05,3051.05,980.0,21.59,137.5,Cluster,0.1,4.02,0.71,0.344,,,39.99
C-980,3054.83,3054.83,980.0,25.37,129.0,Cluster,0.1,3.74,1.05,0.344,,,39.99
ML-980,3055.25,3055.25,980.0,25.79,131.0,metal loss,0.11,0.67,0.71,0.344,,,39.99
C-980,3056.51,3056.51,980.0,27.05,128.5,Cluster,0.11,3.52,0.69,0.344,,,39.99
C-980,3056.8,3056.8,980.0,27.34,218.5,Cluster,0.11,4.99,3.83,0.344,,,39.99
C-980,3057.87,3057.87,980.0,28.41,126.0,Cluster,0.11,3.41,1.2,0.344,,,39.99
ML-980,3058.36,3058.36,980.0,28.89,128.5,metal loss,0.12,0.71,0.55,0.344,,,39.99
C-980,3058.57,3058.57,980.0,29.11,118.5,Cluster,0.11,6.88,2.77,0.344,,,39.99
C-980,3059.08,3059.08,980.0,29.62,219.0,Cluster,0.11,9.0,3.37,0.344,,,39.99
ML-980,3059.27,3059.27,980.0,29.81,127.0,metal loss,0.1,0.91,0.71,0.344,,,39.99
C-980,3059.76,3059.76,980.0,30.3,113.5,Cluster,0.11,13.36,5.59,0.344,,,39.99
C-980,3059.92,3059.92,980.0,30.45,219.0,Cluster,0.11,7.37,3.88,0.344,,,39.99
C-980,3060.69,3060.69,980.0,31.23,231.0,Cluster,0.15,7.08,1.34,0.344,,,39.99
C-980,3061.38,3061.38,980.0,31.92,229.5,Cluster,0.15,11.11,2.28,0.344,,,39.99
C-980,3061.47,3061.47,980.0,32.01,119.5,Cluster,0.15,4.7,5.41,0.344,,,39.99
C-980,3061.97,3061.97,980.0,32.51,108.5,Cluster,0.1,6.55,5.03,0.344,,,39.99
C-980,3062.41,3062.41,980.0,32.95,227.0,Cluster,0.13,5.17,3.33,0.344,,,39.99
C-980,3063.09,3063.09,980.0,33.63,229.5,Cluster,0.11,5.63,3.44,0.344,,,39.99
C-980,3063.55,3063.55,980.0,34.09,113.0,Cluster,0.11,4.67,2.98,0.344,,,39.99
C-980,3069.07,3069.07,980.0,39.61,248.5,Cluster,0.12,4.69,5.59,0.344,,,39.99
ML-1050,3347.22,3347.22,1050.0,39.24,114.0,metal loss,0.14,1.18,2.24,0.344,,,40.12
ML-1050,3347.3,3347.3,1050.0,39.32,224.5,metal loss,0.11,0.71,0.94,0.344,,,40.12
C-1070,3406.04,3406.04,1070.0,17.89,166.0,Cluster,0.18,2.56,2.85,0.344,,,40.01
ML-1070,3427.3,3427.3,1070.0,39.15,232.5,metal loss,0.12,0.87,1.93,0.344,,,40.01
ML-1360,4530.89,4530.89,1360.0,0.81,125.5,metal loss,0.15,1.02,2.32,0.344,,,40.06
C-1370,4609.09,4609.09,1370.0,38.94,188.0,Cluster,0.17,3.47,6.35,0.344,,,40.03
ML-1480,5024.29,5024.29,1480.0,26.58,111.5,metal loss-manufacturing anomaly,0.15,0.67,0.55,0.344,,,36.5
C-1550,5292.54,5292.54,1550.0,28.9,187.0,Cluster,0.14,2.69,2.22,0.344,,,39.88
C-1550,5294.02,5294.02,1550.0,30.37,179.5,Cluster,0.12,1.72,0.69,0.344,,,39.88
C-1560,5342.18,5342.18,1560.0,38.65,99.0,Cluster,0.43,6.68,36.53,0.344,,,40.03
C-1570,5344.35,5344.35,1570.0,0.79,290.5,Cluster,0.16,2.0,12.63,0.344,,,40.11
C-1570,5344.55,5344.55,1570.0,0.99,76.5,Cluster,0.16,1.02,3.67,0.344,,,40.11
C-1570,5361.13,5361.13,1570.0,17.57,190.0,Cluster,0.21,4.13,6.03,0.344,,,40.11
ML-1570,5361.85,5361.85,1570.0,18.29,183.0,metal loss,0.15,0.94,0.55,0.344,,,40.11
ML-1570,5361.96,5361.96,1570.0,18.4,200.0,metal loss,0.29,1.73,1.14,0.344,,,40.11
C-1570,5362.03,5362.03,1570.0,18.47,219.0,Cluster,0.54,4.21,2.14,0.344,,,40.11
C-1570,5362.14,5362.14,1570.0,18.58,139.5,Cluster,0.28,4.5,2.77,0.344,,,40.11
C-1570,5362.5,5362.5,1570.0,18.94,210.5,Cluster,0.4,4.68,5.72,0.344,,,40.11
C-1570,5362.62,5362.62,1570.0,19.06,145.0,Cluster,0.13,2.05,2.33,0.344,,,40.11
ML-1570,5363.02,5363.02,1570.0,19.46,133.0,metal loss,0.32,3.31,1.65,0.344,,,40.11
C-1570,5363.15,5363.15,1570.0,19.59,203.0,Cluster,0.19,3.37,8.23,0.344,,,40.11
C-1570,5363.59,5363.59,1570.0,20.03,130.5,Cluster,0.37,1.91,2.2,0.344,,,40.11
C-1570,5364.59,5364.59,1570.0,21.03,132.5,Cluster,0.35,2.35,2.12,0.344,,,40.11
C-1570,5365.07,5365.07,1570.0,21.51,131.5,Cluster,0.22,4.85,2.56,0.344,,,40.11
C-1570,5365.72,5365.72,1570.0,22.16,167.0,Cluster,0.59,14.66,17.01,0.344,,,40.11
C-1570,5365.86,5365.86,1570.0,22.31,141.5,Cluster,0.11,3.59,5.2,0.344,,,40.11
C-1570,5379.43,5379.43,1570.0,35.87,138.0,Cluster,0.4,3.78,19.14,0.344,,,40.11
C-1600,5447.33,5447.33,1600.0,0.74,201.0,Cluster,0.12,2.09,16.57,0.344,,,40.07
ML-1600,5458.94,5458.94,1600.0,12.36,380.0,metal loss-manufacturing anomaly,0.11,3.82,1.06,0.344,,,40.07
C-1700,5830.69,5830.69,1700.0,39.06,203.5,Cluster,0.19,1.66,6.26,0.344,,,40.01
ML-1990,6924.26,6924.26,1990.0,23.68,374.0,metal loss-manufacturing anomaly,0.14,0.59,0.55,0.344,,,39.98
ML-1990,6925.53,6925.53,1990.0,24.96,292.5,metal loss-manufacturing anomaly,0.2,0.55,0.59,0.344,,,39.98
ML-2000,6979.62,6979.62,2000.0,39.06,160.5,metal loss,0.17,1.65,2.01,0.344,,,39.92
ML-2000,6979.64,6979.64,2000.0,39.08,201.0,metal loss,0.25,1.26,3.9,0.344,,,39.92
C-2020,7052.36,7052.36,2020.0,39.05,115.0,Cluster,0.18,1.99,5.38,0.344,,,39.94
ML-2170,7637.41,7637.41,2170.0,24.7,273.5,metal loss,0.19,1.38,1.18,0.344,,,39.87
ML-2170,7637.75,7637.75,2170.0,25.04,272.5,metal loss,0.14,1.46,1.53,0.344,,,39.87
C-2170,7638.8,7638.8,2170.0,26.09,289.0,Cluster,0.11,3.06,3.46,0.344,,,39.87
C-2170,7651.24,7651.24,2170.0,38.53,193.5,Cluster,0.11,3.41,1.38,0.344,,,39.87
ML-2370,8421.4,8421.4,2370.0,39.13,206.0,metal loss,0.11,0.87,1.1,0.344,,,40.05
C-2450,8725.0,8725.0,2450.0,38.95,145.0,Cluster,0.1,3.94,4.61,0.344,,,39.92
ML-2500,8889.36,8889.36,2500.0,3.72,326.0,metal loss-manufacturing anomaly,0.13,0.47,0.71,0.344,,,39.92
ML-2500,8889.87,8889.87,2500.0,4.23,213.5,metal loss-manufacturing anomaly,0.14,1.61,0.71,0.344,,,39.92
ML-2660,9473.05,9473.05,2660.0,1.44,157.5,metal loss,0.1,0.71,0.59,0.344,,,20.51
C-2860,10202.72,10202.72,2860.0,38.82,215.5,Cluster,0.13,2.65,3.81,0.344,,,40.04
ML-2920,10392.93,10392.93,2920.0,8.37,251.0,metal loss-manufacturing anomaly,0.17,3.66,0.71,0.344,,,39.9
ML-2920,10404.26,10404.26,2920.0,19.7,71.5,metal loss-manufacturing anomaly,0.17,3.58,0.63,0.344,,,39.9
C-2950,10505.17,10505.17,2950.0,0.76,155.0,Cluster,0.1,4.09,13.28,0.344,,,40.01
C-2960,10574.38,10574.38,2960.0,29.95,130.5,Cluster,0.21,6.8,5.8,0.344,,,40.0
C-2960,10575.13,10575.13,2960.0,30.7,129.5,Cluster,0.17,6.35,2.87,0.344,,,40.0
C-2960,10577.51,10577.51,2960.0,33.09,190.0,Cluster,0.12,2.87,1.43,0.344,,,40.0
C-2960,10583.42,10583.42,2960.0,39.0,193.5,Cluster,0.19,2.99,2.91,0.344,,,40.0
ML-2960,10583.57,10583.57,2960.0,39.15,116.5,metal loss,0.26,1.06,2.28,0.344,,,40.0
C-3010,10743.51,10743.51,3010.0,0.54,159.0,Cluster,0.23,2.6,2.39,0.344,,,19.74
ML-3090,11046.93,11046.93,3090.0,4.3,102.5,metal loss-manufacturing anomaly,0.12,0.63,0.75,0.344,,,39.97
ML-3370,12180.29,12180.29,3370.0,19.85,316.0,metal loss-manufacturing anomaly,0.13,3.78,1.46,0.344,,,39.96
ML-3420,12381.12,12381.12,3420.0,20.9,151.0,metal loss-manufacturing anomaly,0.2,3.66,2.68,0.344,,,33.5
ML-3630,13138.89,13138.89,3630.0,0.6,122.5,metal loss,0.33,5.51,0.63,0.344,,,39.99
C-3630,13138.9,13138.9,3630.0,0.61,137.5,Cluster,0.34,8.47,25.13,0.344,,,39.99
ML-3630,13139.11,13139.11,3630.0,0.82,97.5,metal loss,0.11,0.98,1.77,0.344,,,39.99
C-3700,13393.85,13393.85,3700.0,0.76,354.0,Cluster,0.14,2.52,8.15,0.344,,,40.02
ML-3810,13836.19,13836.19,3810.0,22.51,319.5,metal loss-manufacturing anomaly,0.14,0.83,0.87,0.344,,,39.98
ML-4150,14928.01,14928.01,4150.0,25.71,35.5,metal loss,0.26,0.91,0.94,0.344,,,39.87
C-4150,14928.2,14928.2,4150.0,25.9,33.5,Cluster,0.1,1.57,3.31,0.344,,,39.87
C-4160,14943.65,14943.65,4160.0,1.48,184.0,Cluster,0.14,3.23,2.16,0.344,,,3.0
C-4160,14944.39,14944.39,4160.0,2.22,150.0,Cluster,0.13,4.16,3.35,0.344,,,3.0
C-4160,14944.44,14944.44,4160.0,2.27,204.0,Cluster,0.14,7.08,6.14,0.344,,,3.0
C-4170,14945.2,14945.2,4170.0,0.03,143.0,Cluster,0.1,8.15,6.03,0.5,,,4.54
C-4170,14948.96,14948.96,4170.0,3.79,142.0,Cluster,0.14,5.27,8.84,0.5,,,4.54
C-4180,14950.79,14950.79,4180.0,1.08,152.0,Cluster,0.15,3.43,3.5,0.344,,,2.98
C-4180,14951.13,14951.13,4180.0,1.42,115.5,Cluster,0.25,6.48,10.52,0.344,,,2.98
ML-4190,14952.76,14952.76,4190.0,0.07,173.0,metal loss,0.31,0.98,4.09,0.344,,,13.2
ML-4210,15034.27,15034.27,4210.0,28.46,268.5,metal loss,0.11,0.71,0.67,0.344,,,39.94
C-4210,15036.01,15036.01,4210.0,30.19,258.5,Cluster,0.13,3.04,3.31,0.344,,,39.94
C-4220,15054.15,15054.15,4220.0,8.4,159.0,Cluster,0.15,5.14,5.32,0.344,,,39.91
ML-4220,15066.49,15066.49,4220.0,20.74,94.5,metal loss,0.12,1.1,1.02,0.344,,,39.91
ML-4220,15072.99,15072.99,4220.0,27.23,254.5,metal loss,0.14,0.75,0.59,0.344,,,39.91
ML-4220,15074.18,15074.18,4220.0,28.43,284.0,metal loss,0.18,0.71,0.71,0.344,,,39.91
C-4220,15075.24,15075.24,4220.0,29.49,278.0,Cluster,0.29,4.66,2.95,0.344,,,39.91
ML-4220,15075.83,15075.83,4220.0,30.08,289.0,metal loss,0.22,0.71,0.71,0.344,,,39.91
ML-4220,15078.28,15078.28,4220.0,32.52,278.5,metal loss,0.11,0.71,0.79,0.344,,,39.91
C-4220,15078.58,15078.58,4220.0,32.83,279.0,Cluster,0.25,3.47,1.28,0.344,,,39.91
C-4220,15084.72,15084.72,4220.0,38.97,112.0,Cluster,0.18,1.81,6.3,0.344,,,39.91
C-4230,15086.39,15086.39,4230.0,0.73,96.0,Cluster,0.19,4.32,10.74,0.344,,,39.9
ML-4300,15275.68,15275.68,4300.0,0.78,144.0,metal loss,0.1,2.09,0.71,0.344,,,16.59
ML-4340,15345.69,15345.69,4340.0,12.78,130.0,metal loss,0.24,2.05,6.02,0.344,,,12.99
ML-4360,15357.47,15357.47,4360.0,2.52,151.5,metal loss,0.16,1.1,1.18,0.344,,,11.94
ML-4390,15433.66,15433.66,4390.0,15.48,291.5,metal loss-manufacturing anomaly,0.2,0.51,0.71,0.344,,,25.16
C-4430,15564.27,15564.27,4430.0,0.71,144.5,Cluster,0.24,2.72,2.28,0.344,,,40.03
ML-4520,15957.99,15957.99,4520.0,39.71,118.5,metal loss,0.1,0.75,0.83,0.344,,,40.08
ML-4540,16000.75,16000.75,4540.0,2.36,225.0,metal loss-manufacturing anomaly,0.16,0.71,0.59,0.344,,,39.88
ML-4540,16017.19,16017.19,4540.0,18.8,224.5,metal loss-manufacturing anomaly,0.1,0.79,0.71,0.344,,,39.88
ML-4640,16436.07,16436.07,4640.0,39.03,147.5,metal loss,0.1,0.94,0.67,0.344,,,39.9
C-4660,16509.36,16509.36,4660.0,32.57,147.0,Cluster,0.35,4.56,11.58,0.344,,,39.94
ML-4660,16509.87,16509.87,4660.0,33.08,198.5,metal loss,0.1,1.81,2.09,0.344,,,39.94
C-4660,16515.7,16515.7,4660.0,38.9,199.5,Cluster,0.2,3.48,16.19,0.344,,,39.94
ML-4680,16595.76,16595.76,4680.0,39.01,248.5,metal loss,0.14,2.84,0.71,0.344,,,39.99
ML-4690,16597.57,16597.57,4690.0,0.83,194.5,metal loss,0.12,1.61,0.79,0.344,,,40.01
ML-4690,16597.57,16597.57,4690.0,0.83,145.0,metal loss,0.1,1.69,8.19,0.344,,,40.01
C-4710,16677.37,16677.37,4710.0,0.69,73.0,Cluster,0.18,4.88,24.86,0.344,,,39.98
C-4730,16756.69,16756.69,4730.0,0.03,97.5,Cluster,0.12,4.25,3.86,0.344,,,39.99
C-5100,18175.87,18175.87,5100.0,38.78,132.0,Cluster,0.2,4.97,6.79,0.344,,,39.88
ML-5100,18175.91,18175.91,5100.0,38.81,202.5,metal loss,0.18,0.87,0.59,0.344,,,39.88
ML-5100,18175.92,18175.92,5100.0,38.83,179.0,metal loss,0.23,0.87,0.87,0.344,,,39.88
ML-5120,18186.01,18186.01,5120.0,0.83,181.0,metal loss,0.14,1.1,3.42,0.344,,,40.02
C-5270,18814.52,18814.52,5270.0,34.87,221.5,Cluster,0.67,1.88,3.5,0.344,,,35.11
ML-5400,19295.4,19295.4,5400.0,39.12,158.5,metal loss,0.12,1.02,2.99,0.344,,,39.99
ML-5560,19910.87,19910.87,5560.0,14.48,200.0,metal loss,0.1,0.59,0.71,0.344,,,39.95
ML-5590,20016.6,20016.6,5590.0,0.34,123.0,metal loss,0.1,0.71,0.67,0.344,,,39.95
C-5660,20335.14,20335.14,5660.0,38.97,198.0,Cluster,0.21,3.59,5.01,0.344,,,40.01
ML-5660,20335.33,20335.33,5660.0,39.16,218.5,metal loss,0.11,1.18,1.89,0.344,,,40.01
ML-5680,20413.71,20413.71,5680.0,37.5,173.5,metal loss,0.11,1.81,2.87,0.344,,,38.63
C-5840,21019.81,21019.81,5840.0,39.22,153.5,Cluster,0.25,1.85,8.88,0.344,,,40.14
C-5920,21282.56,21282.56,5920.0,0.68,116.5,Cluster,0.28,4.84,8.11,0.344,,,39.94
ML-5920,21282.57,21282.57,5920.0,0.7,251.5,metal loss,0.11,1.65,2.28,0.344,,,39.94
ML-5920,21282.59,21282.59,5920.0,0.71,275.0,metal loss,0.14,1.3,2.05,0.344,,,39.94
ML-5920,21282.59,21282.59,5920.0,0.71,219.0,metal loss,0.17,1.65,4.21,0.344,,,39.94
ML-5920,21304.48,21304.48,5920.0,22.6,94.5,metal loss-manufacturing anomaly,0.14,0.59,0.59,0.344,,,39.94
C-5920,21307.63,21307.63,5920.0,25.76,190.5,Cluster,0.39,7.13,2.98,0.344,,,39.94
ML-5930,21341.79,21341.79,5930.0,19.97,171.5,metal loss,0.11,3.54,6.1,0.344,,,39.99
C-5930,21353.03,21353.03,5930.0,31.22,141.5,Cluster,0.23,4.99,17.47,0.344,,,39.99
C-5930,21355.45,21355.45,5930.0,33.64,120.5,Cluster,0.19,3.02,6.45,0.344,,,39.99
ML-5930,21360.9,21360.9,5930.0,39.09,221.0,metal loss,0.26,1.5,7.17,0.344,,,39.99
C-5940,21362.42,21362.42,5940.0,0.62,215.5,Cluster,0.28,3.66,14.43,0.344,,,40.03
C-5940,21362.49,21362.49,5940.0,0.69,151.0,Cluster,0.32,4.5,9.68,0.344,,,40.03
ML-5940,21362.53,21362.53,5940.0,0.73,131.5,metal loss,0.4,3.27,0.63,0.344,,,40.03
ML-5940,21362.56,21362.56,5940.0,0.75,103.0,metal loss,0.2,0.83,1.89,0.344,,,40.03
ML-5940,21362.58,21362.58,5940.0,0.77,323.5,metal loss,0.13,1.3,1.42,0.344,,,40.03
C-5950,21438.79,21438.79,5950.0,36.95,164.0,Cluster,0.64,7.79,19.23,0.344,,,40.02
ML-6010,21680.42,21680.42,6010.0,38.65,163.5,metal loss,0.15,0.75,1.3,0.344,,,39.88
ML-6010,21681.38,21681.38,6010.0,39.61,200.0,metal loss,0.1,2.24,1.3,0.344,,,39.88
ML-6060,21815.32,21815.32,6060.0,11.02,208.5,metal loss,0.1,0.91,0.87,0.344,,,40.16
C-6070,21845.23,21845.23,6070.0,0.77,221.0,Cluster,0.1,1.36,4.92,0.344,,,40.01
ML-6070,21845.28,21845.28,6070.0,0.82,117.5,metal loss,0.11,1.53,6.34,0.344,,,40.01
C-6120,22083.48,22083.48,6120.0,39.04,139.5,Cluster,0.48,2.83,11.63,0.344,,,40.0
C-6120,22083.5,22083.5,6120.0,39.06,209.0,Cluster,0.16,2.48,11.02,0.344,,,40.0
ML-6220,22483.34,22483.34,6220.0,39.05,207.5,metal loss,0.1,2.6,0.71,0.344,,,40.01
ML-6230,22485.22,22485.22,6230.0,0.92,373.0,metal loss-manufacturing anomaly,0.11,3.39,0.71,0.344,,,39.84
ML-6270,22651.75,22651.75,6270.0,30.62,86.0,metal loss-manufacturing anomaly,0.13,0.83,0.55,0.344,,,40.07
C-6310,22781.94,22781.94,6310.0,0.87,172.5,Cluster,0.18,3.26,5.59,0.344,,,40.02
C-6350,22941.65,22941.65,6350.0,0.76,179.5,Cluster,0.15,3.23,7.6,0.344,,,40.09
ML-6370,23022.0,23022.0,6370.0,0.82,160.0,metal loss,0.14,1.06,0.94,0.344,,,40.07
ML-6370,23029.38,23029.38,6370.0,8.2,220.0,metal loss-manufacturing anomaly,0.12,0.47,0.71,0.344,,,40.07
ML-6370,23032.33,23032.33,6370.0,11.15,106.5,metal loss-manufacturing anomaly,0.1,0.63,0.71,0.344,,,40.07
ML-6400,23161.46,23161.46,6400.0,20.19,55.0,metal loss-manufacturing anomaly,0.1,3.35,1.22,0.344,,,39.99
ML-6400,23162.08,23162.08,6400.0,20.8,50.0,metal loss-manufacturing anomaly,0.25,5.2,0.71,0.344,,,39.99
C-6520,23608.37,23608.37,6520.0,0.71,79.5,Cluster,0.15,2.78,17.2,0.344,,,39.94
C-6520,23635.74,23635.74,6520.0,28.08,368.5,Cluster,0.23,5.95,8.4,0.344,,,39.94
ML-6520,23644.93,23644.93,6520.0,37.27,258.0,metal loss-manufacturing anomaly,0.1,0.51,0.71,0.344,,,39.94
C-6530,23674.28,23674.28,6530.0,26.68,92.5,Cluster,0.29,2.45,28.97,0.344,,,27.64
ML-6530,23674.29,23674.29,6530.0,26.69,241.5,metal loss,0.14,2.09,1.3,0.344,,,27.64
C-6530,23674.34,23674.34,6530.0,26.74,267.0,Cluster,0.16,1.39,6.24,0.344,,,27.64
ML-6540,23675.98,23675.98,6540.0,0.74,154.5,metal loss,0.26,0.98,1.14,0.344,,,39.94
C-6550,23754.1,23754.1,6550.0,38.92,164.0,Cluster,0.38,3.04,10.01,0.344,,,39.94
ML-6790,24662.22,24662.22,6790.0,3.76,267.5,metal loss-manufacturing anomaly,0.13,3.78,2.01,0.344,,,39.79
C-6930,25249.8,25249.8,6930.0,39.04,176.0,Cluster,0.14,1.14,5.8,0.344,,,39.93
ML-7120,25875.11,25875.11,7120.0,37.76,67.0,metal loss-manufacturing anomaly,0.12,0.55,0.71,0.344,,,39.96
ML-7180,26080.87,26080.87,7180.0,3.85,362.5,metal loss-manufacturing anomaly,0.1,0.67,0.59,0.344,,,20.02
ML-7260,26416.04,26416.04,7260.0,39.13,106.0,metal loss-manufacturing anomaly,0.21,3.62,0.59,0.344,,,40.02
ML-7380,26867.58,26867.58,7380.0,38.59,223.5,metal loss,0.15,1.38,1.5,0.344,,,39.81
ML-7380,26867.91,26867.91,7380.0,38.92,234.0,metal loss,0.14,1.58,2.01,0.344,,,39.81
C-7380,26867.93,26867.93,7380.0,38.93,131.5,Cluster,0.31,1.33,11.88,0.344,,,39.81
C-7380,26868.17,26868.17,7380.0,39.18,182.5,Cluster,0.22,2.58,2.83,0.344,,,39.81
C-7400,26930.57,26930.57,7400.0,39.0,65.5,Cluster,0.12,3.12,4.82,0.344,,,40.05
ML-7420,26946.29,26946.29,7420.0,0.74,372.0,metal loss,0.25,2.68,0.71,0.344,,,29.84
ML-7520,27316.61,27316.61,7520.0,0.86,177.0,metal loss-manufacturing anomaly,0.16,0.91,0.83,0.344,,,39.97
ML-7580,27579.43,27579.43,7580.0,23.68,40.5,metal loss-manufacturing anomaly,0.12,5.24,1.38,0.344,,,39.97
ML-7580,27581.21,27581.21,7580.0,25.46,34.5,metal loss-manufacturing anomaly,0.24,3.9,0.87,0.344,,,39.97
ML-7580,27582.11,27582.11,7580.0,26.35,32.0,metal loss-manufacturing anomaly,0.21,3.42,0.75,0.344,,,39.97
ML-7580,27582.56,27582.56,7580.0,26.81,30.5,metal loss-manufacturing anomaly,0.11,3.46,2.17,0.344,,,39.97
ML-7580,27582.88,27582.88,7580.0,27.12,37.5,metal loss-manufacturing anomaly,0.21,3.39,0.75,0.344,,,39.97
ML-7660,27892.3,27892.3,7660.0,16.37,248.5,metal loss-manufacturing anomaly,0.1,3.23,1.06,0.344,,,39.91
ML-7670,27944.8,27944.8,7670.0,28.97,302.0,metal loss-manufacturing anomaly,0.2,1.06,1.18,0.344,,,39.74
ML-7700,28027.51,28027.51,7700.0,18.8,211.0,metal loss-manufacturing anomaly,0.1,0.43,0.71,0.344,,,39.98
ML-7750,28207.03,28207.03,7750.0,17.92,315.5,metal loss-manufacturing anomaly,0.17,4.33,1.42,0.344,,,32.58
ML-7900,28783.01,28783.01,7900.0,8.91,143.5,metal loss-manufacturing anomaly,0.13,6.3,1.89,0.344,,,39.97
C-7910,28814.67,28814.67,7910.0,0.61,123.0,Cluster,0.3,4.73,21.05,0.344,,,40.01
C-7960,29052.98,29052.98,7960.0,38.85,100.0,Cluster,0.42,5.77,42.81,0.344,,,40.0
C-7990,29128.12,29128.12,7990.0,0.62,117.0,Cluster,0.38,3.5,20.36,0.344,,,40.0
C-7990,29146.54,29146.54,7990.0,19.04,164.5,Cluster,0.35,8.46,10.87,0.344,,,40.0
ML-8000,29206.49,29206.49,8000.0,38.99,223.5,metal loss,0.38,2.09,9.8,0.344,,,39.91
ML-8000,29206.54,29206.54,8000.0,39.04,111.0,metal loss,0.17,1.18,5.95,0.344,,,39.91
C-8000,29206.61,29206.61,8000.0,39.1,157.0,Cluster,0.32,4.13,10.41,0.344,,,39.91
C-8010,29207.99,29207.99,8010.0,0.58,144.0,Cluster,0.21,6.46,3.65,0.344,,,39.98
C-8010,29208.08,29208.08,8010.0,0.67,194.5,Cluster,0.11,4.93,6.08,0.344,,,39.98
ML-8010,29208.13,29208.13,8010.0,0.72,176.0,metal loss,0.36,4.41,1.18,0.344,,,39.98
ML-8060,29410.95,29410.95,8060.0,3.26,170.0,metal loss,0.13,1.38,1.06,0.344,,,40.09
C-8060,29414.83,29414.83,8060.0,7.14,178.5,Cluster,0.11,4.56,6.12,0.344,,,40.09
C-8060,29417.63,29417.63,8060.0,9.95,159.0,Cluster,0.22,6.3,3.35,0.344,,,40.09
C-8060,29419.53,29419.53,8060.0,11.84,158.5,Cluster,0.22,4.18,2.91,0.344,,,40.09
ML-8060,29446.91,29446.91,8060.0,39.22,148.5,metal loss,0.15,0.91,1.22,0.344,,,40.09
ML-8060,29446.92,29446.92,8060.0,39.24,251.0,metal loss,0.42,1.02,3.86,0.344,,,40.09
ML-8070,29452.86,29452.86,8070.0,5.08,194.0,metal loss-manufacturing anomaly,0.15,0.55,0.71,0.344,,,39.97
ML-8280,30262.24,30262.24,8280.0,30.33,190.0,metal loss,0.1,1.26,1.65,0.344,,,39.92
ML-8280,30264.0,30264.0,8280.0,32.09,143.5,metal loss,0.1,1.06,1.14,0.344,,,39.92
C-8340,30471.96,30471.96,8340.0,0.56,183.0,Cluster,0.17,4.76,11.46,0.344,,,39.96
ML-8360,30570.99,30570.99,8360.0,19.71,344.5,metal loss-manufacturing anomaly,0.19,3.31,0.55,0.344,,,40.01
ML-8360,30573.44,30573.44,8360.0,22.16,349.0,metal loss-manufacturing anomaly,0.1,4.17,4.25,0.344,,,40.01
ML-8360,30574.03,30574.03,8360.0,22.74,355.5,metal loss-manufacturing anomaly,0.26,3.66,0.71,0.344,,,40.01
ML-8360,30574.76,30574.76,8360.0,23.47,348.0,metal loss-manufacturing anomaly,0.1,3.11,0.87,0.344,,,40.01
ML-8360,30576.1,30576.1,8360.0,24.82,346.5,metal loss-manufacturing anomaly,0.15,3.58,7.01,0.344,,,40.01
ML-8360,30576.86,30576.86,8360.0,25.58,351.0,metal loss-manufacturing anomaly,0.1,3.23,1.58,0.344,,,40.01
ML-8360,30577.29,30577.29,8360.0,26.01,345.0,metal loss-manufacturing anomaly,0.14,4.02,3.74,0.344,,,40.01
ML-8360,30577.99,30577.99,8360.0,26.71,340.0,metal loss-manufacturing anomaly,0.1,4.13,8.66,0.344,,,40.01
ML-8360,30578.61,30578.61,8360.0,27.33,344.0,metal loss-manufacturing anomaly,0.28,3.94,6.38,0.344,,,40.01
ML-8390,30676.87,30676.87,8390.0,5.65,192.0,metal loss-manufacturing anomaly,0.17,3.03,0.55,0.344,,,39.93
ML-8390,30676.88,30676.88,8390.0,5.65,197.0,metal loss-manufacturing anomaly,0.13,2.79,0.63,0.344,,,39.93
ML-8500,31013.67,31013.67,8500.0,5.28,128.0,metal loss-manufacturing anomaly,0.15,0.47,0.71,0.344,,,39.9
C-8650,31509.12,31509.12,8650.0,0.68,68.5,Cluster,0.31,6.41,31.02,0.344,,,40.07
C-8650,31509.22,31509.22,8650.0,0.79,302.5,Cluster,0.14,3.59,14.6,0.344,,,40.07
C-8660,31549.2,31549.2,8660.0,0.7,87.0,Cluster,0.28,5.63,6.43,0.344,,,15.91
C-8660,31549.2,31549.2,8660.0,0.7,162.0,Cluster,0.12,4.92,4.34,0.344,,,15.91
C-8660,31551.06,31551.06,8660.0,2.56,345.0,Cluster,0.11,6.3,7.92,0.344,,,15.91
C-8680,31574.91,31574.91,8680.0,0.77,191.0,Cluster,0.52,4.91,8.27,0.344,,,10.89
C-8680,31574.95,31574.95,8680.0,0.8,119.0,Cluster,0.1,3.01,5.43,0.344,,,10.89
ML-8680,31574.96,31574.96,8680.0,0.81,164.5,metal loss,0.24,4.13,2.28,0.344,,,10.89
ML-8680,31583.48,31583.48,8680.0,9.33,194.0,metal loss,0.19,1.42,1.77,0.344,,,10.89
ML-8690,31586.57,31586.57,8690.0,1.53,173.0,metal loss,0.16,1.3,3.62,0.344,,,21.15
C-8830,31980.44,31980.44,8830.0,39.04,133.0,Cluster,0.13,3.34,16.86,0.344,,,40.04
C-9030,32514.08,32514.08,9030.0,28.99,347.0,Cluster,0.16,4.18,2.2,0.344,,,29.35
C-9060,32594.86,32594.86,9060.0,0.77,200.0,Cluster,0.28,1.45,3.58,0.344,,,39.99
ML-9060,32594.9,32594.9,9060.0,0.82,132.5,metal loss,0.1,0.94,1.34,0.344,,,39.99
C-9160,32925.21,32925.21,9160.0,13.11,220.0,Cluster,0.31,21.61,16.78,0.344,,,39.93
C-9160,32925.99,32925.99,9160.0,13.89,188.5,Cluster,0.21,4.21,2.89,0.344,,,39.93
ML-9160,32927.13,32927.13,9160.0,15.03,206.5,metal loss,0.19,1.46,0.75,0.344,,,39.93
C-9160,32928.3,32928.3,9160.0,16.2,218.5,Cluster,0.14,2.57,5.09,0.344,,,39.93
C-9170,32952.77,32952.77,9170.0,0.74,216.0,Cluster,0.1,2.57,2.49,0.344,,,40.04
C-9180,33031.11,33031.11,9180.0,39.04,222.5,Cluster,0.1,2.95,5.63,0.344,,,40.02
C-9180,33031.14,33031.14,9180.0,39.07,141.0,Cluster,0.15,1.87,10.12,0.344,,,40.02
C-9190,33032.88,33032.88,9190.0,0.79,107.0,Cluster,0.1,0.88,2.51,0.344,,,40.03
C-9210,33112.92,33112.92,9210.0,0.79,121.0,Cluster,0.12,2.48,4.75,0.344,,,40.0
ML-9220,33190.85,33190.85,9220.0,38.72,222.0,metal loss,0.11,3.66,7.36,0.344,,,40.02
C-9250,33304.46,33304.46,9250.0,32.28,353.5,Cluster,0.28,4.36,6.72,0.344,,,40.01
C-9250,33304.98,33304.98,9250.0,32.8,347.5,Cluster,0.11,3.67,5.55,0.344,,,40.01
C-9270,33374.95,33374.95,9270.0,23.38,185.0,Cluster,0.23,3.55,1.91,0.344,,,40.0
C-9270,33381.36,33381.36,9270.0,29.78,166.0,Cluster,0.31,1.76,1.32,0.344,,,40.0
C-9270,33381.84,33381.84,9270.0,30.26,162.0,Cluster,0.29,4.33,4.63,0.344,,,40.0
C-9270,33383.18,33383.18,9270.0,31.6,176.0,Cluster,0.13,4.98,1.64,0.344,,,40.0
C-9270,33390.29,33390.29,9270.0,38.71,166.5,Cluster,0.2,6.35,4.38,0.344,,,40.0
ML-9280,33405.66,33405.66,9280.0,14.08,135.0,metal loss,0.15,2.05,1.5,0.344,,,40.06
ML-9280,33405.96,33405.96,9280.0,14.38,130.0,metal loss,0.1,1.69,1.58,0.344,,,40.06
C-9280,33430.71,33430.71,9280.0,39.13,234.0,Cluster,0.21,2.27,10.7,0.344,,,40.06
ML-9300,33479.84,33479.84,9300.0,8.19,347.0,metal loss,0.13,0.75,0.63,0.344,,,40.0
C-9300,33480.23,33480.23,9300.0,8.58,374.0,Cluster,0.26,3.61,3.29,0.344,,,40.0
C-9300,33480.35,33480.35,9300.0,8.7,338.5,Cluster,0.13,3.37,2.1,0.344,,,40.0
ML-9300,33481.04,33481.04,9300.0,9.4,328.0,metal loss,0.15,0.79,0.71,0.344,,,40.0
C-9310,33512.3,33512.3,9310.0,0.65,151.5,Cluster,0.33,4.28,21.68,0.344,,,39.97
C-9330,33592.28,33592.28,9330.0,0.74,143.0,Cluster,0.25,4.87,17.39,0.344,,,39.92
ML-9340,33638.82,33638.82,9340.0,7.35,77.5,metal loss,0.1,2.99,0.67,0.344,,,39.91
C-9340,33670.4,33670.4,9340.0,38.93,206.5,Cluster,0.1,2.71,8.94,0.344,,,39.91
C-9360,33750.65,33750.65,9360.0,39.28,239.0,Cluster,0.34,0.94,5.43,0.344,,,40.18
ML-9370,33753.51,33753.51,9370.0,1.96,372.5,metal loss,0.13,1.06,1.1,0.344,,,24.73
ML-9390,33817.11,33817.11,9390.0,0.78,373.0,metal loss,0.36,0.91,8.35,0.344,,,39.99
ML-9390,33853.06,33853.06,9390.0,36.73,358.5,metal loss,0.1,1.1,1.18,0.344,,,39.99
ML-9390,33853.37,33853.37,9390.0,37.04,362.0,metal loss,0.12,0.71,0.71,0.344,,,39.99
ML-9400,33895.42,33895.42,9400.0,39.1,330.0,metal loss,0.16,0.71,1.53,0.344,,,39.98
ML-9420,33949.1,33949.1,9420.0,12.79,120.5,metal loss,0.13,2.84,2.36,0.344,,,40.04
ML-9420,33975.28,33975.28,9420.0,38.98,275.0,metal loss,0.18,3.7,0.87,0.344,,,40.04
C-9420,33975.32,33975.32,9420.0,39.02,223.5,Cluster,0.1,2.64,8.5,0.344,,,40.04
C-9420,33975.39,33975.39,9420.0,39.08,291.5,Cluster,0.16,2.63,7.23,0.344,,,40.04
C-9440,34024.54,34024.54,9440.0,8.15,192.5,Cluster,0.18,4.12,3.94,0.344,,,40.06
C-9440,34025.04,34025.04,9440.0,8.66,189.5,Cluster,0.25,2.81,3.37,0.344,,,40.06
ML-9440,34055.57,34055.57,9440.0,39.18,314.0,metal loss,0.21,1.38,4.41,0.344,,,40.06
ML-9450,34057.22,34057.22,9450.0,0.77,321.5,metal loss,0.11,0.71,0.67,0.344,,,39.96
C-9470,34137.11,34137.11,9470.0,0.71,197.5,Cluster,0.22,2.92,11.5,0.344,,,39.99
C-9470,34137.13,34137.13,9470.0,0.72,110.0,Cluster,0.19,2.6,14.89,0.344,,,39.99
ML-9470,34137.15,34137.15,9470.0,0.75,79.5,metal loss,0.14,2.72,3.5,0.344,,,39.99
ML-9650,34859.79,34859.79,9650.0,21.29,209.0,metal loss-manufacturing anomaly,0.15,0.59,0.87,0.344,,,40.05
ML-9650,34861.31,34861.31,9650.0,22.81,325.0,metal loss-manufacturing anomaly,0.17,0.71,0.71,0.344,,,40.05
C-9670,34919.27,34919.27,9670.0,0.8,339.0,Cluster,0.1,0.61,3.27,0.344,,,39.9
ML-9860,35581.29,35581.29,9860.0,0.85,179.5,metal loss,0.15,0.83,1.06,0.344,,,39.92
ML-9910,35798.42,35798.42,9910.0,18.23,188.0,metal loss-manufacturing anomaly,0.18,0.47,0.71,0.344,,,39.99
C-9920,35820.7,35820.7,9920.0,0.51,121.0,Cluster,0.32,4.37,2.54,0.344,,,39.98
ML-9920,35820.85,35820.85,9920.0,0.66,147.0,metal loss,0.18,2.28,9.8,0.344,,,39.98
C-9920,35820.89,35820.89,9920.0,0.71,248.0,Cluster,0.22,1.6,7.23,0.344,,,39.98
ML-9920,35820.93,35820.93,9920.0,0.74,326.5,metal loss,0.13,0.71,1.69,0.344,,,39.98
ML-10080,36460.28,36460.28,10080.0,0.85,209.0,metal loss-manufacturing anomaly,0.1,1.02,0.71,0.344,,,39.98
ML-10640,38383.95,38383.95,10640.0,34.12,291.5,metal loss-manufacturing anomaly,0.16,3.78,2.52,0.344,,,40.01
ML-10840,39144.72,39144.72,10840.0,28.08,196.0,metal loss,0.1,0.98,1.18,0.344,,,28.59
C-10920,39334.75,39334.75,10920.0,21.94,162.5,Cluster,0.16,4.36,8.99,0.344,,,22.86
C-10930,39335.7,39335.7,10930.0,0.03,63.0,Cluster,0.1,2.33,12.3,0.344,,,29.22
C-10950,39405.56,39405.56,10950.0,0.68,267.5,Cluster,0.17,3.44,9.03,0.344,,,40.01
ML-10960,39479.9,39479.9,10960.0,35.02,246.0,metal loss,0.17,0.79,0.91,0.344,,,35.9
ML-10990,39530.85,39530.85,10990.0,0.5,178.0,metal loss,0.15,1.18,1.81,0.344,,,22.34
C-11000,39553.36,39553.36,11000.0,0.67,90.5,Cluster,0.39,4.88,30.98,0.344,,,39.91
C-11010,39592.67,39592.67,11010.0,0.07,260.0,Cluster,0.25,4.07,6.33,0.344,,,37.06
C-11010,39593.33,39593.33,11010.0,0.72,229.0,Cluster,0.18,2.83,6.62,0.344,,,37.06
C-11010,39593.37,39593.37,11010.0,0.76,73.5,Cluster,0.27,3.28,9.26,0.344,,,37.06
C-11030,39641.08,39641.08,11030.0,1.4,61.0,Cluster,0.31,5.05,14.2,0.344,,,31.87
C-11030,39641.74,39641.74,11030.0,2.06,209.0,Cluster,0.33,3.32,9.3,0.344,,,31.87
ML-11060,39747.57,39747.57,11060.0,2.17,125.0,metal loss,0.11,1.42,1.34,0.344,,,17.38
ML-11150,40008.62,40008.62,11150.0,18.92,151.0,metal loss-manufacturing anomaly,0.1,1.46,0.71,0.344,,,39.99
ML-11150,40009.5,40009.5,11150.0,19.8,258.5,metal loss-manufacturing anomaly,0.1,0.59,0.71,0.344,,,39.99
C-11310,40668.73,40668.73,11310.0,39.01,238.5,Cluster,0.18,1.97,1.47,0.344,,,40.0
ML-11430,41011.08,41011.08,11430.0,20.89,306.5,metal loss-manufacturing anomaly,0.1,3.03,1.3,0.344,,,39.92
ML-11460,41131.05,41131.05,11460.0,20.98,304.5,metal loss-manufacturing anomaly,0.14,3.66,1.02,0.344,,,36.15
ML-11470,41163.99,41163.99,11470.0,17.77,64.5,metal loss-manufacturing anomaly,0.12,4.17,1.77,0.344,,,39.95
ML-11470,41165.77,41165.77,11470.0,19.55,246.0,metal loss-manufacturing anomaly,0.16,0.59,0.63,0.344,,,39.95
ML-11470,41166.98,41166.98,11470.0,20.75,63.0,metal loss-manufacturing anomaly,0.11,3.78,1.42,0.344,,,39.95
ML-11470,41170.29,41170.29,11470.0,24.07,57.0,metal loss-manufacturing anomaly,0.3,3.82,5.55,0.344,,,39.95
ML-11470,41174.55,41174.55,11470.0,28.33,359.0,metal loss-manufacturing anomaly,0.11,0.47,0.59,0.344,,,39.95
C-11550,41466.16,41466.16,11550.0,0.72,142.0,Cluster,0.29,5.0,10.54,0.344,,,39.95
C-11550,41466.18,41466.18,11550.0,0.73,202.5,Cluster,0.21,5.56,2.58,0.344,,,39.95
C-11550,41466.26,41466.26,11550.0,0.82,99.5,Cluster,0.14,0.97,3.27,0.344,,,39.95
C-11550,41485.96,41485.96,11550.0,20.52,286.5,Cluster,0.15,4.38,3.16,0.344,,,39.95
C-11550,41486.24,41486.24,11550.0,20.8,308.0,Cluster,0.17,2.56,2.39,0.344,,,39.95
ML-11550,41486.59,41486.59,11550.0,21.15,304.5,metal loss,0.15,1.14,1.26,0.344,,,39.95
C-11550,41486.78,41486.78,11550.0,21.34,306.5,Cluster,0.12,4.25,3.16,0.344,,,39.95
ML-11550,41501.43,41501.43,11550.0,35.98,286.5,metal loss,0.1,2.52,0.75,0.344,,,39.95
ML-11550,41502.32,41502.32,11550.0,36.87,245.0,metal loss,0.14,4.25,0.94,0.344,,,39.95
ML-11550,41503.42,41503.42,11550.0,37.98,281.0,metal loss,0.1,1.18,0.83,0.344,,,39.95
C-11550,41504.01,41504.01,11550.0,38.56,284.0,Cluster,0.1,4.39,5.72,0.344,,,39.95
ML-11560,41544.42,41544.42,11560.0,39.02,233.5,metal loss,0.23,0.94,1.3,0.344,,,39.95
ML-11560,41544.45,41544.45,11560.0,39.06,264.5,metal loss,0.11,0.79,0.79,0.344,,,39.95
ML-11570,41546.08,41546.08,11570.0,0.74,288.0,metal loss,0.17,2.76,0.59,0.344,,,39.94
C-11570,41576.47,41576.47,11570.0,31.12,232.0,Cluster,0.19,2.21,1.8,0.344,,,39.94
C-11570,41581.35,41581.35,11570.0,36.01,218.5,Cluster,0.18,5.2,4.15,0.344,,,39.94
ML-11580,41593.16,41593.16,11580.0,7.88,238.5,metal loss,0.1,3.03,0.59,0.344,,,40.09
C-11580,41593.61,41593.61,11580.0,8.33,209.0,Cluster,0.16,3.71,3.96,0.344,,,40.09
C-11580,41605.47,41605.47,11580.0,20.19,102.5,Cluster,0.15,3.43,1.22,0.344,,,40.09
ML-11580,41606.33,41606.33,11580.0,21.05,100.5,metal loss,0.13,1.53,1.38,0.344,,,40.09
C-11580,41607.15,41607.15,11580.0,21.88,62.0,Cluster,0.23,5.15,3.54,0.344,,,40.09
ML-11580,41607.49,41607.49,11580.0,22.21,103.5,metal loss,0.11,1.42,0.91,0.344,,,40.09
C-11580,41607.68,41607.68,11580.0,22.4,57.0,Cluster,0.25,3.62,2.81,0.344,,,40.09
C-11580,41608.36,41608.36,11580.0,23.08,74.5,Cluster,0.13,1.69,1.2,0.344,,,40.09
C-11580,41610.12,41610.12,11580.0,24.84,279.5,Cluster,0.13,3.25,6.37,0.344,,,40.09
C-11580,41610.66,41610.66,11580.0,25.38,293.0,Cluster,0.1,2.63,4.13,0.344,,,40.09
C-11580,41611.24,41611.24,11580.0,25.96,292.0,Cluster,0.17,3.25,3.71,0.344,,,40.09
ML-11580,41614.46,41614.46,11580.0,29.18,308.5,metal loss,0.16,1.1,0.59,0.344,,,40.09
ML-11590,41636.74,41636.74,11590.0,11.37,293.0,metal loss,0.25,2.09,1.26,0.344,,,40.02
ML-11590,41637.81,41637.81,11590.0,12.44,298.0,metal loss,0.14,2.09,1.89,0.344,,,40.02
C-11590,41645.97,41645.97,11590.0,20.6,280.5,Cluster,0.2,5.22,4.96,0.344,,,40.02
ML-11590,41647.17,41647.17,11590.0,21.8,307.5,metal loss,0.16,0.63,0.87,0.344,,,40.02
C-11590,41647.33,41647.33,11590.0,21.96,291.5,Cluster,0.16,2.06,3.94,0.344,,,40.02
C-11590,41648.63,41648.63,11590.0,23.26,292.5,Cluster,0.12,2.66,3.92,0.344,,,40.02
ML-11590,41649.13,41649.13,11590.0,23.76,311.5,metal loss,0.15,0.75,0.71,0.344,,,40.02
ML-11590,41649.59,41649.59,11590.0,24.22,289.0,metal loss,0.24,0.94,0.71,0.344,,,40.02
C-11590,41650.41,41650.41,11590.0,25.04,286.0,Cluster,0.15,3.7,3.56,0.344,,,40.02
C-11590,41651.43,41651.43,11590.0,26.06,289.5,Cluster,0.14,2.66,2.64,0.344,,,40.02
C-11590,41651.88,41651.88,11590.0,26.51,289.0,Cluster,0.14,2.84,4.19,0.344,,,40.02
C-11590,41652.4,41652.4,11590.0,27.03,289.5,Cluster,0.12,2.08,2.26,0.344,,,40.02
ML-11590,41652.8,41652.8,11590.0,27.43,297.0,metal loss,0.11,1.02,1.26,0.344,,,40.02
C-11590,41653.26,41653.26,11590.0,27.89,266.0,Cluster,0.19,3.68,2.75,0.344,,,40.02
C-11590,41653.89,41653.89,11590.0,28.52,294.0,Cluster,0.21,2.99,2.54,0.344,,,40.02
C-11590,41655.43,41655.43,11590.0,30.06,290.0,Cluster,0.13,2.38,2.16,0.344,,,40.02
C-11590,41658.63,41658.63,11590.0,33.26,80.5,Cluster,0.16,3.28,1.43,0.344,,,40.02
C-11590,41659.02,41659.02,11590.0,33.65,74.0,Cluster,0.15,7.88,2.75,0.344,,,40.02
C-11600,41676.35,41676.35,11600.0,10.96,248.0,Cluster,0.33,5.5,11.56,0.344,,,13.17
ML-11600,41676.62,41676.62,11600.0,11.23,84.5,metal loss,0.16,0.83,0.55,0.344,,,13.17
C-11610,41703.53,41703.53,11610.0,24.97,148.5,Cluster,0.33,5.21,3.73,0.344,,,26.88
C-11610,41704.14,41704.14,11610.0,25.57,200.5,Cluster,0.16,2.22,2.47,0.344,,,26.88
C-11610,41704.24,41704.24,11610.0,25.68,189.0,Cluster,0.14,5.59,14.6,0.344,,,26.88
C-11610,41704.47,41704.47,11610.0,25.91,150.5,Cluster,0.23,4.01,2.87,0.344,,,26.88
C-11620,41705.97,41705.97,11620.0,0.53,231.5,Cluster,0.11,4.12,17.76,0.344,,,39.99
C-11620,41706.26,41706.26,11620.0,0.82,112.0,Cluster,0.23,2.44,9.05,0.344,,,39.99
ML-11620,41706.26,41706.26,11620.0,0.82,82.0,metal loss,0.1,1.3,3.42,0.344,,,39.99
ML-11630,41746.38,41746.38,11630.0,0.95,297.5,metal loss,0.11,0.71,0.55,0.344,,,39.93
ML-11630,41747.21,41747.21,11630.0,1.78,285.0,metal loss,0.13,0.91,1.3,0.344,,,39.93
C-11630,41784.33,41784.33,11630.0,38.9,100.0,Cluster,0.13,3.85,6.24,0.344,,,39.93
ML-11640,41786.2,41786.2,11640.0,0.84,126.0,metal loss,0.11,0.79,0.71,0.344,,,39.73
ML-11640,41787.46,41787.46,11640.0,2.1,246.0,metal loss-manufacturing anomaly,0.11,0.43,0.71,0.344,,,39.73
C-11660,41865.72,41865.72,11660.0,0.67,255.0,Cluster,0.11,2.05,9.82,0.344,,,40.0
C-12150,43597.89,43597.89,12150.0,0.77,142.5,Cluster,0.14,2.4,7.67,0.344,,,39.48
C-12160,43675.86,43675.86,12160.0,39.27,180.0,Cluster,0.1,2.64,4.11,0.344,,,40.09
C-12170,43677.48,43677.48,12170.0,0.8,138.0,Cluster,0.16,1.32,7.54,0.344,,,40.03
ML-12230,43925.26,43925.26,12230.0,20.73,235.5,metal loss-manufacturing anomaly,0.15,2.32,0.59,0.344,,,39.85
ML-12230,43928.97,43928.97,12230.0,24.44,274.0,metal loss-manufacturing anomaly,0.14,3.03,0.71,0.344,,,39.85
ML-12230,43930.49,43930.49,12230.0,25.96,286.5,metal loss-manufacturing anomaly,0.13,3.46,0.94,0.344,,,39.85
ML-12230,43930.51,43930.51,12230.0,25.98,281.5,metal loss-manufacturing anomaly,0.27,3.42,0.55,0.344,,,39.85
ML-12240,43949.85,43949.85,12240.0,5.46,72.5,metal loss,0.13,1.58,1.42,0.344,,,40.18
ML-12240,43950.29,43950.29,12240.0,5.91,74.0,metal loss,0.1,1.65,2.48,0.344,,,40.18
C-12240,43954.18,43954.18,12240.0,9.79,283.0,Cluster,0.13,1.81,2.93,0.344,,,40.18
C-12240,43956.32,43956.32,12240.0,11.93,67.5,Cluster,0.11,2.28,1.91,0.344,,,40.18
C-12240,43956.74,43956.74,12240.0,12.36,51.5,Cluster,0.12,5.46,5.22,0.344,,,40.18
ML-12240,43957.47,43957.47,12240.0,13.09,70.5,metal loss,0.12,2.4,1.93,0.344,,,40.18
ML-12240,43959.89,43959.89,12240.0,15.5,282.5,metal loss,0.12,3.35,0.83,0.344,,,40.18
ML-12240,43962.76,43962.76,12240.0,18.37,70.5,metal loss,0.1,2.24,1.42,0.344,,,40.18
ML-12240,43981.57,43981.57,12240.0,37.18,157.0,metal loss,0.11,0.87,1.18,0.344,,,40.18
C-12250,43985.28,43985.28,12250.0,0.71,319.0,Cluster,0.16,3.58,7.42,0.344,,,40.0
ML-12270,44056.31,44056.31,12270.0,0.62,217.5,metal loss,0.13,5.04,0.59,0.344,,,39.97
C-12270,44056.42,44056.42,12270.0,0.73,152.0,Cluster,0.3,1.85,10.89,0.344,,,39.97
C-12280,44100.91,44100.91,12280.0,5.25,171.0,Cluster,0.23,10.97,12.82,0.344,,,39.9
C-12280,44134.6,44134.6,12280.0,38.94,128.0,Cluster,0.26,2.95,9.22,0.344,,,39.9
C-12300,44214.46,44214.46,12300.0,38.93,112.0,Cluster,0.25,4.15,10.91,0.344,,,40.01
ML-12420,44640.11,44640.11,12420.0,1.18,199.0,metal loss,0.13,0.87,0.83,0.344,,,39.03
ML-12420,44641.35,44641.35,12420.0,2.41,144.5,metal loss,0.12,1.02,0.98,0.344,,,39.03
ML-12420,44641.95,44641.95,12420.0,3.02,145.5,metal loss,0.2,1.38,1.3,0.344,,,39.03
ML-12420,44642.49,44642.49,12420.0,3.55,143.0,metal loss,0.22,1.1,0.83,0.344,,,39.03
C-12420,44647.98,44647.98,12420.0,9.05,141.0,Cluster,0.16,6.84,3.81,0.344,,,39.03
ML-12430,44698.12,44698.12,12430.0,20.15,128.0,metal loss,0.13,1.22,1.1,0.344,,,40.2
ML-12430,44698.71,44698.71,12430.0,20.75,137.5,metal loss,0.11,1.1,1.1,0.344,,,40.2
C-12430,44699.21,44699.21,12430.0,21.25,229.0,Cluster,0.2,3.23,3.77,0.344,,,40.2
ML-12430,44700.94,44700.94,12430.0,22.98,238.0,metal loss,0.1,1.3,1.26,0.344,,,40.2
ML-12430,44701.23,44701.23,12430.0,23.27,141.5,metal loss,0.1,0.91,0.91,0.344,,,40.2
ML-12430,44703.81,44703.81,12430.0,25.85,117.5,metal loss-manufacturing anomaly,0.11,0.47,0.83,0.344,,,40.2
C-12440,44757.04,44757.04,12440.0,38.87,188.5,Cluster,0.14,2.92,2.66,0.344,,,39.95
ML-12490,44918.76,44918.76,12490.0,0.74,267.5,metal loss,0.17,1.02,8.54,0.344,,,40.05
C-12490,44940.0,44940.0,12490.0,21.98,248.5,Cluster,0.15,3.73,5.82,0.344,,,40.05
ML-12500,44963.32,44963.32,12500.0,5.24,273.5,metal loss,0.17,1.06,1.06,0.344,,,40.13
C-12500,44997.09,44997.09,12500.0,39.01,147.5,Cluster,0.12,4.68,9.8,0.344,,,40.13
ML-12510,45013.1,45013.1,12510.0,14.9,194.5,metal loss,0.17,0.98,0.63,0.344,,,40.14
ML-12540,45112.14,45112.14,12540.0,0.76,375.0,metal loss,0.38,1.1,1.22,0.344,,,22.19
ML-12540,45112.14,45112.14,12540.0,0.76,360.5,metal loss,0.39,1.22,0.59,0.344,,,22.19
ML-12550,45138.44,45138.44,12550.0,4.88,118.5,metal loss,0.14,0.98,1.1,0.344,,,40.04
C-12550,45139.21,45139.21,12550.0,5.64,107.0,Cluster,0.47,5.47,5.59,0.344,,,40.04
ML-12550,45151.38,45151.38,12550.0,17.81,130.5,metal loss,0.14,1.22,1.34,0.344,,,40.04
ML-12550,45166.83,45166.83,12550.0,33.26,177.5,metal loss-manufacturing anomaly,0.21,0.47,0.55,0.344,,,40.04
ML-12560,45175.13,45175.13,12560.0,1.52,165.0,metal loss,0.22,0.83,1.42,0.344,,,6.67
ML-12560,45175.35,45175.35,12560.0,1.74,147.0,metal loss,0.23,0.94,2.17,0.344,,,6.67
C-12710,45676.4,45676.4,12710.0,0.81,190.0,Cluster,0.36,3.82,6.49,0.344,,,40.04
C-12780,45950.05,45950.05,12780.0,38.95,133.5,Cluster,0.11,2.63,16.36,0.344,,,39.97
C-12780,45950.15,45950.15,12780.0,39.05,223.5,Cluster,0.14,1.25,2.24,0.344,,,39.97
C-12790,45951.57,45951.57,12790.0,0.49,217.0,Cluster,0.1,2.4,5.82,0.344,,,39.82
C-12790,45951.85,45951.85,12790.0,0.78,157.0,Cluster,0.14,2.63,19.0,0.344,,,39.82
C-12820,46109.65,46109.65,12820.0,38.9,144.5,Cluster,0.26,4.52,5.7,0.344,,,40.0
C-12820,46109.65,46109.65,12820.0,38.91,213.5,Cluster,0.24,3.65,5.03,0.344,,,40.0
C-12840,46190.01,46190.01,12840.0,39.1,166.0,Cluster,0.15,2.56,9.59,0.344,,,40.2
C-12840,46190.08,46190.08,12840.0,39.16,125.5,Cluster,0.14,2.17,4.65,0.344,,,40.2
C-12850,46191.89,46191.89,12850.0,0.77,193.0,Cluster,0.12,0.91,7.39,0.344,,,40.18
ML-12850,46191.91,46191.91,12850.0,0.79,242.5,metal loss,0.11,0.75,1.22,0.344,,,40.18
ML-12850,46191.92,46191.92,12850.0,0.8,112.0,metal loss,0.15,0.87,1.93,0.344,,,40.18
C-12850,46196.86,46196.86,12850.0,5.74,245.5,Cluster,0.1,3.97,2.39,0.344,,,40.18
C-12850,46199.31,46199.31,12850.0,8.19,252.5,Cluster,0.11,1.06,3.39,0.344,,,40.18
ML-12870,46272.09,46272.09,12870.0,0.79,281.5,metal loss,0.21,1.02,0.91,0.344,,,39.91
ML-12880,46333.84,46333.84,12880.0,22.62,271.5,metal loss-manufacturing anomaly,0.24,4.57,0.71,0.344,,,40.05
ML-12880,46343.06,46343.06,12880.0,31.85,268.5,metal loss-manufacturing anomaly,0.1,3.98,1.73,0.344,,,40.05
ML-12890,46377.81,46377.81,12890.0,26.55,228.0,metal loss-manufacturing anomaly,0.12,0.94,1.06,0.344,,,40.06
ML-12900,46430.41,46430.41,12900.0,39.09,225.5,metal loss,0.38,1.65,1.14,0.344,,,40.0
ML-12900,46430.44,46430.44,12900.0,39.12,241.5,metal loss,0.28,1.06,2.13,0.344,,,40.0
ML-12910,46432.14,46432.14,12910.0,0.81,154.0,metal loss,0.1,0.91,0.87,0.344,,,21.52
ML-12910,46437.34,46437.34,12910.0,6.01,219.0,metal loss-manufacturing anomaly,0.14,0.59,0.71,0.344,,,21.52
ML-12980,46664.82,46664.82,12980.0,7.96,144.5,metal loss,0.2,0.94,0.67,0.344,,,39.94
ML-13000,46733.12,46733.12,13000.0,25.88,252.5,metal loss,0.15,0.87,0.94,0.344,,,40.04
C-13020,46764.12,46764.12,13020.0,0.61,126.5,Cluster,0.12,3.56,3.48,0.344,,,39.98
C-13020,46764.26,46764.26,13020.0,0.75,157.5,Cluster,0.28,5.63,13.45,0.344,,,39.98
ML-13040,46869.83,46869.83,13040.0,26.23,342.5,metal loss-manufacturing anomaly,0.12,3.42,4.53,0.344,,,40.08
C-13190,47266.22,47266.22,13190.0,0.75,99.5,Cluster,0.11,3.04,7.08,0.344,,,21.04
ML-13190,47266.24,47266.24,13190.0,0.77,53.5,metal loss,0.12,0.94,1.97,0.344,,,21.04
C-13200,47298.31,47298.31,13200.0,11.8,368.0,Cluster,0.11,4.48,1.49,0.344,,,40.06
ML-13200,47299.22,47299.22,13200.0,12.71,367.5,metal loss,0.14,0.71,0.87,0.344,,,40.06
C-13200,47325.43,47325.43,13200.0,38.92,111.5,Cluster,0.21,5.09,23.79,0.344,,,40.06
C-13200,47325.5,47325.5,13200.0,38.99,258.5,Cluster,0.1,3.55,7.37,0.344,,,40.06
C-13210,47327.36,47327.36,13210.0,0.79,37.5,Cluster,0.2,1.61,9.17,0.344,,,40.08
ML-13220,47373.61,47373.61,13220.0,6.96,139.5,metal loss-manufacturing anomaly,0.11,0.43,0.71,0.344,,,39.89
ML-13220,47373.76,47373.76,13220.0,7.11,137.0,metal loss-manufacturing anomaly,0.14,0.63,0.71,0.344,,,39.89
C-13260,47548.14,47548.14,13260.0,38.8,142.5,Cluster,0.33,4.97,18.45,0.344,,,39.99
ML-13260,47548.42,47548.42,13260.0,39.08,122.5,metal loss,0.15,0.91,1.42,0.344,,,39.99
ML-13330,47705.64,47705.64,13330.0,0.84,167.5,metal loss,0.1,1.18,0.94,0.344,,,40.06
ML-13650,48680.41,48680.41,13650.0,25.8,113.0,metal loss-manufacturing anomaly,0.22,4.02,0.59,0.344,,,39.91
C-13700,48804.83,48804.83,13700.0,0.51,157.0,Cluster,0.36,6.95,8.27,0.344,,,28.99
C-13950,49768.63,49768.63,13950.0,0.57,117.5,Cluster,0.26,5.08,10.77,0.344,,,40.07
C-14060,50192.33,50192.33,14060.0,14.11,258.5,Cluster,0.2,4.67,1.53,0.344,,,40.06
ML-14060,50194.02,50194.02,14060.0,15.8,264.0,metal loss,0.12,0.98,1.06,0.344,,,40.06
ML-14060,50196.57,50196.57,14060.0,18.35,273.5,metal loss,0.1,0.87,0.91,0.344,,,40.06
C-14060,50199.17,50199.17,14060.0,20.95,127.5,Cluster,0.33,10.43,5.57,0.344,,,40.06
C-14060,50200.15,50200.15,14060.0,21.94,138.5,Cluster,0.17,4.44,0.98,0.344,,,40.06
ML-14060,50200.65,50200.65,14060.0,22.43,134.5,metal loss,0.19,3.15,1.73,0.344,,,40.06
ML-14060,50201.03,50201.03,14060.0,22.82,139.0,metal loss,0.16,0.63,0.71,0.344,,,40.06
ML-14190,50681.04,50681.04,14190.0,10.34,303.5,metal loss-manufacturing anomaly,0.15,1.97,0.59,0.344,,,39.96
ML-14200,50738.69,50738.69,14200.0,28.03,199.0,metal loss,0.16,0.59,0.71,0.344,,,39.99
ML-14300,51120.59,51120.59,14300.0,11.02,317.0,metal loss-manufacturing anomaly,0.14,0.47,0.71,0.344,,,38.94
C-14310,51188.03,51188.03,14310.0,39.51,224.0,Cluster,0.1,2.48,5.22,0.344,,,40.28
ML-14590,51890.81,51890.81,14590.0,2.84,213.0,metal loss-manufacturing anomaly,0.18,0.59,0.71,0.344,,,40.01
C-14900,53107.12,53107.12,14900.0,0.73,245.5,Cluster,0.15,4.16,7.29,0.344,,,40.06
C-14920,53187.09,53187.09,14920.0,0.6,159.5,Cluster,0.12,3.23,8.71,0.344,,,40.01
ML-14920,53187.97,53187.97,14920.0,1.48,195.0,metal loss,0.21,4.05,1.53,0.344,,,40.01
C-14920,53188.01,53188.01,14920.0,1.52,166.5,Cluster,0.24,3.7,3.0,0.344,,,40.01
ML-14920,53188.12,53188.12,14920.0,1.62,147.0,metal loss,0.12,1.73,1.85,0.344,,,40.01
ML-14920,53188.47,53188.47,14920.0,1.97,157.0,metal loss,0.1,1.1,0.91,0.344,,,40.01
ML-15100,53920.16,53920.16,15100.0,29.77,138.0,metal loss-manufacturing anomaly,0.1,0.51,0.71,0.344,,,40.05
C-15420,55090.68,55090.68,15420.0,0.71,135.0,Cluster,0.12,3.08,9.28,0.344,,,40.0
ML-15540,55606.64,55606.64,15540.0,36.9,93.0,metal loss-manufacturing anomaly,0.23,0.51,0.63,0.344,,,40.01
ML-15660,56025.84,56025.84,15660.0,8.43,387.0,metal loss-manufacturing anomaly,0.13,0.59,0.59,0.344,,,40.07
C-15770,56387.34,56387.34,15770.0,18.47,265.0,Cluster,0.14,2.64,3.69,0.344,,,19.43
C-15770,56387.38,56387.38,15770.0,18.52,209.5,Cluster,0.1,1.03,3.62,0.344,,,19.43
ML-15770,56387.4,56387.4,15770.0,18.54,245.0,metal loss,0.1,0.87,1.18,0.344,,,19.43
ML-15770,56387.44,56387.44,15770.0,18.58,181.0,metal loss,0.1,0.71,1.65,0.344,,,19.43
